[
  {
    "magnitude": 6.400000095367432,
    "location": "Vanuatu region",
    "time": "2025-09-08 21:47:05.088",
    "depth": 10.0,
    "alert_level": "green",
    "tsunami_warning": "YES"
  },
  {
    "magnitude": 7.400000095367432,
    "location": "111 km E of Petropavlovsk-Kamchatsky, Russia",
    "time": "2025-09-13 02:38:14.528",
    "depth": 39.46500015258789,
    "alert_level": "green",
    "tsunami_warning": "YES"
  },
  {
    "magnitude": 6.0,
    "location": "145 km ESE of Petropavlovsk-Kamchatsky, Russia",
    "time": "2025-09-15 16:34:08.000",
    "depth": 24.472000122070312,
    "alert_level": "green",
    "tsunami_warning": "NO"
  },
  {
    "magnitude": 6.0,
    "location": "208 km SE of Kokopo, Papua New Guinea",
    "time": "2025-09-16 16:59:57.312",
    "depth": 41.02299880981445,
    "alert_level": "green",
    "tsunami_warning": "NO"
  },
  {
    "magnitude": 6.099999904632568,
    "location": "28 km S of Nabire, Indonesia",
    "time": "2025-09-18 18:19:59.872",
    "depth": 10.0,
    "alert_level": "green",
    "tsunami_warning": "NO"
  },
  {
    "magnitude": 7.800000190734863,
    "location": "127 km E of Petropavlovsk-Kamchatsky, Russia",
    "time": "2025-09-18 18:59:19.168",
    "depth": 19.5,
    "alert_level": "orange",
    "tsunami_warning": "YES"
  },
  {
    "magnitude": 6.199999809265137,
    "location": "24 km ENE of Mene Grande, Venezuela",
    "time": "2025-09-24 22:22:18.624",
    "depth": 7.815000057220459,
    "alert_level": "yellow",
    "tsunami_warning": "YES"
  },
  {
    "magnitude": 6.300000190734863,
    "location": "27 km ENE of Mene Grande, Venezuela",
    "time": "2025-09-25 03:52:10.496",
    "depth": 14.0,
    "alert_level": "yellow",
    "tsunami_warning": "YES"
  },
  {
    "magnitude": 6.900000095367432,
    "location": "10 km E of Bateria, Philippines",
    "time": "2025-09-30 13:59:41.824",
    "depth": 10.0,
    "alert_level": "orange",
    "tsunami_warning": "YES"
  },
  {
    "magnitude": 6.0,
    "location": "32 km ESE of Kalianget, Indonesia",
    "time": "2025-09-30 16:50:05.440",
    "depth": 24.176000595092773,
    "alert_level": "green",
    "tsunami_warning": "NO"
  }
]